record_ID;archipelago;lat;first_arrival_BP;XV_arrival;DEPTH_numeric;TIME_BP;K;Fe;Sr;N;Si;Ca;Ti;V;Mn;Fe;Cl;Sr;Zr
caldeirao;Corvo;Azores;39.7023;-31.108;400;1100;498;58.14;-35.56;470;16390;4216;14142;836;693;62939;2101;1121;3028
caldeirao;Corvo;Azores;39.7023;-31.108;400;1100;498;112.64;-5.24;397;16220;3874;11650;1013;843;55686;2064;1043;2447
caldeirao;Corvo;Azores;39.7023;-31.108;400;1100;498;167.14;24.54;259;16278;3523;9972;919;571;50951;2306;1052;2490
caldeirao;Corvo;Azores;39.7023;-31.108;400;1100;498;221.64;54.86;382;16386;4044;12308;955;576;57957;2289;1202;2840
caldeirao;Corvo;Azores;39.7023;-31.108;400;1100;498;276.14;84.64;197;16293;3922;10702;1015;845;48908;2421;1055;2625
caldeirao;Corvo;Azores;39.7023;-31.108;400;1100;498;330.64;114.96;363;16585;3882;12193;860;898;52473;2659;1163;2676
caldeirao;Corvo;Azores;39.7023;-31.108;400;1100;498;385.14;144.74;346;16637;4297;12490;756;871;53411;2382;1142;2731
caldeirao;Corvo;Azores;39.7023;-31.108;400;1100;498;439.64;175.06;505;16609;4692;13374;956;949;61785;2459;1392;3251
caldeirao;Corvo;Azores;39.7023;-31.108;400;1100;498;494.5;204.84;837;16971;5927;15699;1029;989;70090;2197;1466;3456
caldeirao;Corvo;Azores;39.7023;-31.108;400;1100;498;549;235.16;624;17392;5678;16093;1097;863;70585;2232;1443;3136
caldeirao;Corvo;Azores;39.7023;-31.108;400;1100;498;603.5;265.49;1140;18571;8627;23530;1528;1303;96138;2361;1943;4068
caldeirao;Corvo;Azores;39.7023;-31.108;400;1100;498;658;295.26;1195;19760;8204;24668;1625;1547;104320;2296;2122;4571
caldeirao;Corvo;Azores;39.7023;-31.108;400;1100;498;712.86;325.59;1586;20777;9128;25094;1413;1225;108581;2465;2465;4782
caldeirao;Corvo;Azores;39.7023;-31.108;400;1100;498;767.36;355.36;1388;21189;9529;23950;1484;1261;112355;2588;2434;4783
caldeirao;Corvo;Azores;39.7023;-31.108;400;1100;498;821.86;385.69;1696;22089;11177;26536;1736;1438;124630;2466;4617;4778
caldeirao;Corvo;Azores;39.7023;-31.108;400;1100;498;876.36;422.16;1452;20991;8635;24346;1500;1220;116027;2598;2994;5496
caldeirao;Corvo;Azores;39.7023;-31.108;400;1100;498;930.86;466.65;1962;20358;12086;38104;2073;1638;163379;2593;2562;6432
caldeirao;Corvo;Azores;39.7023;-31.108;400;1100;498;985.36;510.34;1108;17287;7433;24554;1625;1451;115757;1748;2143;5050
caldeirao;Corvo;Azores;39.7023;-31.108;400;1100;498;1039.86;554.83;812;16579;6021;20745;1379;1166;104438;2371;1928;4238
caldeirao;Corvo;Azores;39.7023;-31.108;400;1100;498;1094.72;599.32;1309;18154;6895;25657;1462;1377;112261;2045;1789;3984
caldeirao;Corvo;Azores;39.7023;-31.108;400;1100;498;1149.22;614.2;0;15669;1718;3790;416;672;31895;2229;1894;3613
caldeirao;Corvo;Azores;39.7023;-31.108;400;1100;498;1203.72;626.37;736;16337;5333;20604;1334;1222;102719;1971;2061;4394
caldeirao;Corvo;Azores;39.7023;-31.108;400;1100;498;1258.22;638.31;591;15900;4668;17353;1150;1128;98622;2116;2138;4350
caldeirao;Corvo;Azores;39.7023;-31.108;400;1100;498;1313.08;650.47;521;16125;4076;18418;1364;1081;106577;1752;2550;4873
caldeirao;Corvo;Azores;39.7023;-31.108;400;1100;498;1367.58;662.64;1028;17429;5952;23854;1386;1247;116031;1687;2463;4297
caldeirao;Corvo;Azores;39.7023;-31.108;400;1100;498;1422.08;674.58;503;17292;3920;12694;1136;732;73940;2680;1716;2966
caldeirao;Corvo;Azores;39.7023;-31.108;400;1100;498;1476.58;686.75;137;17246;3733;6937;639;675;54638;3205;1655;2286
caldeirao;Corvo;Azores;39.7023;-31.108;400;1100;498;1531.44;720.16;0;17054;3065;4687;528;1014;41606;2660;1794;2060
caldeirao;Corvo;Azores;39.7023;-31.108;400;1100;498;1585.94;761.13;195;16567;4871;9334;724;1106;56682;2877;1805;2330
caldeirao;Corvo;Azores;39.7023;-31.108;400;1100;498;1640.44;801.36;20;16038;3652;6248;558;699;41429;2554;1564;2339
caldeirao;Corvo;Azores;39.7023;-31.108;400;1100;498;1868.15;958.26;243;16389;4618;9552;714;753;49753;2261;1878;2265
caldeirao;Corvo;Azores;39.7023;-31.108;400;1100;498;1919.4;974.96;693;17691;7495;15766;1105;1147;74009;2455;1856;2821
caldeirao;Corvo;Azores;39.7023;-31.108;400;1100;498;1970.65;991.99;758;17247;6455;13460;720;740;65931;2424;1918;2590
caldeirao;Corvo;Azores;39.7023;-31.108;400;1100;498;2021.9;1008.69;294;15998;4512;9209;604;910;53124;2398;1923;2570
caldeirao;Corvo;Azores;39.7023;-31.108;400;1100;498;2073.25;1025.39;512;16649;5946;12401;651;1036;60382;2356;2156;2808
caldeirao;Corvo;Azores;39.7023;-31.108;400;1100;498;2124.5;1042.09;290;15949;4716;10039;781;965;52505;2371;1994;2791
caldeirao;Corvo;Azores;39.7023;-31.108;400;1100;498;2175.75;1059.12;0;15238;2122;4716;633;673;35994;2552;1974;2860
caldeirao;Corvo;Azores;39.7023;-31.108;400;1100;498;2227;1075.82;130;15523;3594;8679;816;844;46751;2229;2237;3036
caldeirao;Corvo;Azores;39.7023;-31.108;400;1100;498;2278.35;1092.52;360;15934;4556;11235;866;916;56343;2337;2136;2842
caldeirao;Corvo;Azores;39.7023;-31.108;400;1100;498;2329.6;1109.54;300;15937;3918;8888;811;977;49220;2087;1860;2704
caldeirao;Corvo;Azores;39.7023;-31.108;400;1100;498;2380.85;1126.24;414;16345;5179;11825;632;917;56965;2310;1902;2690
caldeirao;Corvo;Azores;39.7023;-31.108;400;1100;498;2432.1;1142.94;482;16438;6676;12679;698;846;56566;2599;2046;2553
caldeirao;Corvo;Azores;39.7023;-31.108;400;1100;498;2483.45;1163.77;0;15405;2968;5638;418;757;34434;2730;1784;2215
caldeirao;Corvo;Azores;39.7023;-31.108;400;1100;498;2534.7;1197.31;310;15993;4483;10017;914;923;53043;2525;2079;2651
caldeirao;Corvo;Azores;39.7023;-31.108;400;1100;498;2585.95;1230.2;117;15677;4154;7493;821;783;39853;2743;1948;2463
caldeirao;Corvo;Azores;39.7023;-31.108;400;1100;498;2637.2;1263.1;397;16060;6082;11224;820;1055;58722;2186;2044;2604
caldeirao;Corvo;Azores;39.7023;-31.108;400;1100;498;2688.55;1296.64;353;16528;7112;12099;928;874;56661;2345;2447;2569
caldeirao;Corvo;Azores;39.7023;-31.108;400;1100;498;2739.8;1329.53;524;16247;7127;12479;925;944;58509;2200;2612;2881
caldeirao;Corvo;Azores;39.7023;-31.108;400;1100;498;2791.05;1362.43;473;16628;6855;12289;628;962;57957;2201;2416;2710
caldeirao;Corvo;Azores;39.7023;-31.108;400;1100;498;2842.3;1395.32;223;15845;5268;8807;716;975;50040;2648;2510;2472
caldeirao;Corvo;Azores;39.7023;-31.108;400;1100;498;2893.65;1428.86;462;16077;6279;10297;640;688;52170;2350;2190;2469
caldeirao;Corvo;Azores;39.7023;-31.108;400;1100;498;2944.9;1461.76;522;16748;8771;13977;948;1047;64275;3128;2654;2666
caldeirao;Corvo;Azores;39.7023;-31.108;400;1100;498;2996.15;1494.65;271;15937;5184;9338;725;883;50247;2508;2204;2372
caldeirao;Corvo;Azores;39.7023;-31.108;400;1100;498;3047.4;1527.55;217;15445;3785;6765;511;694;44341;2281;2122;2619
caldeirao;Corvo;Azores;39.7023;-31.108;400;1100;498;3098.75;1561.09;358;15813;5742;10942;723;850;58045;2479;2355;2751
caldeirao;Corvo;Azores;39.7023;-31.108;400;1100;498;3150;1593.98;404;16034;6109;11010;962;996;58007;2050;2630;2898
caldeirao;Corvo;Azores;39.7023;-31.108;400;1100;498;3201.25;1626.88;153;15585;4569;8424;860;941;49402;2393;2393;2750
caldeirao;Corvo;Azores;39.7023;-31.108;400;1100;498;3252.5;1659.77;440;16183;6836;11589;961;882;54711;2318;2459;2701
caldeirao;Corvo;Azores;39.7023;-31.108;400;1100;498;3303.85;1693.31;411;16681;6416;10867;703;978;54216;2416;2281;2654
caldeirao;Corvo;Azores;39.7023;-31.108;400;1100;498;3355.1;1726.21;233;16566;6764;12316;812;876;54758;2503;2317;2688
caldeirao;Corvo;Azores;39.7023;-31.108;400;1100;498;3406.35;1759.1;30;15832;2814;5117;706;794;35302;2678;2141;2521
caldeirao;Corvo;Azores;39.7023;-31.108;400;1100;498;3613.69;1893.26;320;16450;7368;14374;907;1026;72014;2611;2573;3025
caldeirao;Corvo;Azores;39.7023;-31.108;400;1100;498;3669.44;1928.73;1099;17412;9361;24008;1278;1150;93239;2215;2775;3787
caldeirao;Corvo;Azores;39.7023;-31.108;400;1100;498;3725.19;1964.85;691;17790;9301;15545;979;969;62557;2608;2535;2850
caldeirao;Corvo;Azores;39.7023;-31.108;400;1100;498;3780.94;2000.97;792;17805;9715;16291;1014;1233;75304;2242;2623;3034
funda;Flores;Azores;39.4475;-31.1939;360;1100;498;84;-59.38;1303;36425;10557;14653;931;2320;97092;4985;1918;2154
funda;Flores;Azores;39.4475;-31.1939;360;1100;498;134;-56.01;3331;40639;18015;27582;1665;3095;153060;5882;3298;3907
funda;Flores;Azores;39.4475;-31.1939;360;1100;498;184;-51.9;16126;64386;52338;92663;3860;4952;416491;5828;6422;8155
funda;Flores;Azores;39.4475;-31.1939;360;1100;498;234;-46.25;840;32992;9879;14702;1450;2357;85948;6202;1622;2141
funda;Flores;Azores;39.4475;-31.1939;360;1100;498;284;-41.18;2959;48234;17309;18419;1501;3152;109522;6412;2419;2813
funda;Flores;Azores;39.4475;-31.1939;360;1100;498;334;-37.24;2739;39826;17870;21748;1610;3195;130429;7279;3278;3503
funda;Flores;Azores;39.4475;-31.1939;360;1100;498;384;-33.42;1913;34327;11422;14480;1202;2361;94445;6327;2501;2793
funda;Flores;Azores;39.4475;-31.1939;360;1100;498;434;-28.53;4872;45674;21311;27352;1430;3408;148596;5327;3264;4260
funda;Flores;Azores;39.4475;-31.1939;360;1100;498;484;-20.8;1041;37732;8630;9767;1130;2085;59908;6934;1341;1690
funda;Flores;Azores;39.4475;-31.1939;360;1100;498;534;-11.45;3918;44296;22699;30424;1884;3736;168129;5577;3697;4067
funda;Flores;Azores;39.4475;-31.1939;360;1100;498;584;-2.68;4649;43478;24331;35782;1764;3072;174408;5407;3463;4108
funda;Flores;Azores;39.4475;-31.1939;360;1100;498;634;8.24;1784;46168;13865;14210;1190;2411;80779;7923;2015;2462
funda;Flores;Azores;39.4475;-31.1939;360;1100;498;684;23.06;1554;40983;12183;12654;1410;2433;66615;5988;1634;1841
funda;Flores;Azores;39.4475;-31.1939;360;1100;498;734;39.56;2277;45483;16698;19061;1527;2766;101790;5981;2602;2854
funda;Flores;Azores;39.4475;-31.1939;360;1100;498;784;56.06;2232;48990;15370;16844;1241;2603;89621;6262;2313;2463
funda;Flores;Azores;39.4475;-31.1939;360;1100;498;834;72.56;2573;44205;15969;20872;1707;3201;104512;5683;2478;2808
funda;Flores;Azores;39.4475;-31.1939;360;1100;498;884;89.06;3434;44257;18981;25978;1551;3087;139066;5259;3178;3727
funda;Flores;Azores;39.4475;-31.1939;360;1100;498;934;105.56;2283;42401;16445;20812;1533;2646;108846;5686;2938;2955
funda;Flores;Azores;39.4475;-31.1939;360;1100;498;984;122.06;1823;44938;14502;15236;1085;2309;82578;6079;2057;2236
funda;Flores;Azores;39.4475;-31.1939;360;1100;498;1034;138.56;1475;41049;11439;13159;1449;2490;72523;6031;1941;2419
funda;Flores;Azores;39.4475;-31.1939;360;1100;498;1084;155.05;1836;47156;12777;15413;1274;2164;81908;6269;1951;2633
funda;Flores;Azores;39.4475;-31.1939;360;1100;498;1134;171.55;1164;45846;11970;13237;1088;2178;69372;0;1394;1588
funda;Flores;Azores;39.4475;-31.1939;360;1100;498;1184;188.05;2238;46448;15686;19684;1384;2387;100604;6514;2420;2840
funda;Flores;Azores;39.4475;-31.1939;360;1100;498;1234;204.55;3668;44637;20821;29023;1865;2905;143801;5917;3254;3685
funda;Flores;Azores;39.4475;-31.1939;360;1100;498;1284;221.05;1368;31103;11254;13672;1099;2377;95583;6768;2788;3155
funda;Flores;Azores;39.4475;-31.1939;360;1100;498;1334;237.55;2146;35287;15110;20952;1495;2432;111798;8079;2764;3065
funda;Flores;Azores;39.4475;-31.1939;360;1100;498;1384;254.05;2127;40394;14091;19491;1476;2250;102405;6720;1922;2525
funda;Flores;Azores;39.4475;-31.1939;360;1100;498;1434;270.55;2822;41662;16607;22247;1436;2512;118756;9405;2649;3378
funda;Flores;Azores;39.4475;-31.1939;360;1100;498;1484;287.05;2295;47109;15814;17359;1130;2257;94965;8162;2267;2742
funda;Flores;Azores;39.4475;-31.1939;360;1100;498;1534;303.55;5809;46400;29629;41348;2429;2825;210012;7584;4700;5518
funda;Flores;Azores;39.4475;-31.1939;360;1100;498;1584;320.05;5051;42408;23586;32980;1754;2550;163069;8494;2849;3562
funda;Flores;Azores;39.4475;-31.1939;360;1100;498;1634;336.55;5971;45695;25056;44455;2435;2932;230789;8034;3845;5091
funda;Flores;Azores;39.4475;-31.1939;360;1100;498;1684;353.05;7379;41068;27576;53226;2796;3755;288301;8298;4939;7113
funda;Flores;Azores;39.4475;-31.1939;360;1100;498;1876;416.4;2301;36543;16203;22970;2230;2911;136562;4924;2911;3511
funda;Flores;Azores;39.4475;-31.1939;360;1100;498;1933.5;435.375;1595;34309;14032;23076;1758;2738;145132;6711;3053;3928
funda;Flores;Azores;39.4475;-31.1939;360;1100;498;1991;454.35;549;28379;10456;20991;1746;2347;137436;7374;3197;4743
funda;Flores;Azores;39.4475;-31.1939;360;1100;498;2048.5;473.325;4337;56258;25830;40413;2596;3320;217466;5228;2906;4417
funda;Flores;Azores;39.4475;-31.1939;360;1100;498;2106.6;492.498;4437;51123;20754;35668;2406;2973;193013;6603;3177;4363
funda;Flores;Azores;39.4475;-31.1939;360;1100;498;2164.1;511.473;5036;48678;29635;38338;2348;3192;213974;5948;4278;4384
funda;Flores;Azores;39.4475;-31.1939;360;1100;498;2221.6;527.876;1931;46698;14887;19907;1815;2640;115698;5842;2263;2917
funda;Flores;Azores;39.4475;-31.1939;360;1100;498;2279.1;531.456;502;28513;7316;9183;1084;2002;77882;7195;1967;2458
funda;Flores;Azores;39.4475;-31.1939;360;1100;498;2337.2;535.072;0;26281;3441;3462;593;1349;32717;0;1696;1992
funda;Flores;Azores;39.4475;-31.1939;360;1100;498;2394.7;538.649;1870;38200;13930;19937;1699;2408;122882;5331;2315;3142
funda;Flores;Azores;39.4475;-31.1939;360;1100;498;2452.2;542.224;1620;42125;12892;16141;1482;2300;102756;4580;2211;2582
funda;Flores;Azores;39.4475;-31.1939;360;1100;498;2509.7;545.802;1829;42168;12946;18145;1553;2079;122510;4831;2280;2979
funda;Flores;Azores;39.4475;-31.1939;360;1100;498;2567.8;549.418;1654;34846;12773;17360;1379;2166;113228;5112;2289;2758
funda;Flores;Azores;39.4475;-31.1939;360;1100;498;2625.3;552.998;0;25456;2787;1907;642;1709;33669;9166;2231;2671
funda;Flores;Azores;39.4475;-31.1939;360;1100;498;2682.8;556.578;2382;39669;15451;19946;1706;2618;118607;5979;2430;2824
funda;Flores;Azores;39.4475;-31.1939;360;1100;498;2740.3;560.158;5199;42948;24032;38096;2266;2939;207932;5601;4213;4933
funda;Flores;Azores;39.4475;-31.1939;360;1100;498;2798.4;563.774;1133;33077;10862;15281;1683;2242;102757;7433;1894;2472
funda;Flores;Azores;39.4475;-31.1939;360;1100;498;2855.9;567.353;996;28929;10091;14782;1104;2120;104943;4971;2414;2763
funda;Flores;Azores;39.4475;-31.1939;360;1100;498;2913.4;570.928;0;25344;4866;7291;870;1900;65744;8102;2333;2847
funda;Flores;Azores;39.4475;-31.1939;360;1100;498;2970.9;575.09;461;26055;7380;14670;1502;2374;129383;6623;3394;4556
funda;Flores;Azores;39.4475;-31.1939;360;1100;498;3029;580.49;476;26114;7675;14423;1321;2284;115752;5660;2687;3585
funda;Flores;Azores;39.4475;-31.1939;360;1100;498;3086.5;585.835;1307;32979;11796;15978;1356;2274;99752;4712;2165;2727
funda;Flores;Azores;39.4475;-31.1939;360;1100;498;3144;591.18;2118;32681;12719;18665;1593;2297;117992;5550;2406;3074
funda;Flores;Azores;39.4475;-31.1939;360;1100;498;3201.5;596.525;1514;32290;15264;22584;1876;2249;135148;5687;2538;3469
funda;Flores;Azores;39.4475;-31.1939;360;1100;498;3259.6;601.924;2074;28366;14007;23429;1884;2455;152423;5968;3196;4412
funda;Flores;Azores;39.4475;-31.1939;360;1100;498;3317.1;607.269;2702;34748;18802;32875;2296;2775;171744;5222;2813;4059
funda;Flores;Azores;39.4475;-31.1939;360;1100;498;3374.6;612.614;2173;30780;17284;30529;2059;2923;167882;5234;3205;4214
funda;Flores;Azores;39.4475;-31.1939;360;1100;498;3432.1;617.959;2529;29426;17818;31968;2096;2705;180587;4892;2987;4455
funda;Flores;Azores;39.4475;-31.1939;360;1100;498;3490.2;623.358;2964;35706;20195;28040;1828;2322;159612;4746;3347;3867
funda;Flores;Azores;39.4475;-31.1939;360;1100;498;3728.5;645.51;3164;37461;25373;31813;1969;1890;160357;4085;5126;5242
funda;Flores;Azores;39.4475;-31.1939;360;1100;498;3801;652.25;3002;34665;21796;29383;2049;2052;157947;4996;4280;4724
funda;Flores;Azores;39.4475;-31.1939;360;1100;498;3867.2;658.4;2024;29977;17447;25681;1983;1747;166632;3800;4660;4693
funda;Flores;Azores;39.4475;-31.1939;360;1100;498;3939.7;665.143;1631;28329;14336;22436;1931;1734;159818;4260;5204;5249
funda;Flores;Azores;39.4475;-31.1939;360;1100;498;4012.2;671.88;4060;31222;24935;38953;2852;2280;221457;5039;5854;6426
funda;Flores;Azores;39.4475;-31.1939;360;1100;498;4086.5;678.785;1725;29022;17257;22469;1868;1982;156798;4275;4074;4337
funda;Flores;Azores;39.4475;-31.1939;360;1100;498;4159;685.53;935;26509;11164;18156;1823;1969;157789;3817;5567;5679
funda;Flores;Azores;39.4475;-31.1939;360;1100;498;4231.5;692.265;1229;26646;11981;20125;1453;1965;161890;3875;6781;6151
funda;Flores;Azores;39.4475;-31.1939;360;1100;498;4304;699.01;1052;27795;13499;19892;1768;2718;139231;6387;4889;4661
funda;Flores;Azores;39.4475;-31.1939;360;1100;498;4425.6;713.524;867;27010;9045;13994;1249;1360;111764;4703;4428;4289
funda;Flores;Azores;39.4475;-31.1939;360;1100;498;4498.1;723.343;1952;29711;15351;22771;1655;1712;155015;4630;4155;4486
funda;Flores;Azores;39.4475;-31.1939;360;1100;498;4570.6;733.164;1400;28826;16193;24916;1693;1763;167629;4093;6584;5444
funda;Flores;Azores;39.4475;-31.1939;360;1100;498;4944;742.7;2664;29953;24987;33094;2087;2792;206629;4682;7323;5855
funda;Flores;Azores;39.4475;-31.1939;360;1100;498;5018.3;752.762;1575;29487;25527;26036;1557;3115;206414;4671;10586;5755
funda;Flores;Azores;39.4475;-31.1939;360;1100;498;5090.8;762.582;1742;31022;19073;22676;1634;1446;143966;5103;4713;4782
funda;Flores;Azores;39.4475;-31.1939;360;1100;498;5163.3;772.402;1129;28069;13197;17983;1746;1687;130577;4510;4419;4534
funda;Flores;Azores;39.4475;-31.1939;360;1100;498;5235.8;782.222;1514;29027;18281;25019;2157;2111;160615;3864;6140;5363
funda;Flores;Azores;39.4475;-31.1939;360;1100;498;5494.6;792.354;5234;43187;31350;48363;2678;3493;241083;4847;5385;5826
funda;Flores;Azores;39.4475;-31.1939;360;1100;498;5554.6;800.484;3210;36919;26255;29204;1877;2366;148566;5504;4245;4117
funda;Flores;Azores;39.4475;-31.1939;360;1100;498;5614.6;808.608;6193;51120;31348;44627;2175;2070;192326;4923;4731;5462
funda;Flores;Azores;39.4475;-31.1939;360;1100;498;5674.6;816.734;7684;62334;37120;54463;3110;2321;264401;5594;5130;5931
funda;Flores;Azores;39.4475;-31.1939;360;1100;498;5735.4;824.972;7539;46928;42069;48004;2650;2820;251573;5213;7434;6619
funda;Flores;Azores;39.4475;-31.1939;360;1100;498;5795.4;833.096;5991;47445;36200;45412;2542;2719;205662;5384;5411;5578
funda;Flores;Azores;39.4475;-31.1939;360;1100;498;5855.4;841.226;6237;53384;32562;45348;2749;2899;237868;5350;4593;5156
funda;Flores;Azores;39.4475;-31.1939;360;1100;498;5915.4;849.352;5501;38942;39116;51784;2568;4089;267096;6096;6729;6189
funda;Flores;Azores;39.4475;-31.1939;360;1100;498;5976.2;857.588;4015;39376;25187;35670;2312;2367;184971;5186;4351;4909
funda;Flores;Azores;39.4475;-31.1939;360;1100;498;6036.2;865.716;8083;48201;38119;58292;3001;2894;284496;5762;5482;6780
funda;Flores;Azores;39.4475;-31.1939;360;1100;498;6096.2;873.846;5930;45529;33864;46282;2613;2600;221071;5525;5219;5700
funda;Flores;Azores;39.4475;-31.1939;360;1100;498;6156.2;881.968;4355;38248;31281;39953;2432;2773;207075;5152;5486;5170
funda;Flores;Azores;39.4475;-31.1939;360;1100;498;6217;890.2;6025;41162;41178;52000;2792;3990;264306;5762;6652;5929
funda;Flores;Azores;39.4475;-31.1939;360;1100;498;6277;898.33;2217;28825;22191;25567;1897;2844;177485;4735;5313;4680
funda;Flores;Azores;39.4475;-31.1939;360;1100;498;6337;906.46;4924;40559;33186;40875;2310;2809;204520;5862;5082;4889
funda;Flores;Azores;39.4475;-31.1939;360;1100;498;6397;914.59;6151;34508;32242;55155;2713;3659;259389;6021;5184;5640
funda;Flores;Azores;39.4475;-31.1939;360;1100;498;6457.8;922.822;10001;46074;54780;74153;3628;9322;380082;6887;6995;6578
funda;Flores;Azores;39.4475;-31.1939;360;1100;498;6522.2;926.494372;2521;29311;25499;26438;1846;3015;168838;5567;5143;3992
funda;Flores;Azores;39.4475;-31.1939;360;1100;498;6570.2;932.358;3801;32711;28161;36282;2298;3076;217684;5199;5741;5278
funda;Flores;Azores;39.4475;-31.1939;360;1100;498;6630.2;940.486;1325;27110;15843;17278;1817;2451;111505;0;4646;3790
funda;Flores;Azores;39.4475;-31.1939;360;1100;498;6683.8;947.744;2624;28968;24619;27432;1727;2685;183053;3972;7201;5038
funda;Flores;Azores;39.4475;-31.1939;360;1100;498;6743.8;955.872;5760;39870;36482;46977;2696;3243;206881;4805;5100;4932
funda;Flores;Azores;39.4475;-31.1939;360;1100;498;6804.6;964.108;1365;27640;15792;16682;1602;1605;86743;4951;3743;2277
funda;Flores;Azores;39.4475;-31.1939;360;1100;498;6864.6;972.234;3897;34831;30842;35989;2231;2601;168516;4596;5402;4716
funda;Flores;Azores;39.4475;-31.1939;360;1100;498;6923;980.14;1986;28874;20189;22235;1652;2287;148361;5861;3985;2990
funda;Flores;Azores;39.4475;-31.1939;360;1100;498;6983;988.27;1085;27030;15023;16860;1408;2197;123721;4398;4307;3536
funda;Flores;Azores;39.4475;-31.1939;360;1100;498;7043;996.4;2850;30657;26090;31828;2026;2558;176254;4152;6297;4767
funda;Flores;Azores;39.4475;-31.1939;360;1100;498;7302;1077.13;3877;37102;25812;38851;2346;4030;229966;5013;5177;6101
funda;Flores;Azores;39.4475;-31.1939;360;1100;498;7422;1123.48;5425;46454;35284;43508;2430;3887;245848;4340;7838;6244
funda;Flores;Azores;39.4475;-31.1939;360;1100;498;7842.4;1175.776;2710;33157;23481;27411;1968;2040;145123;4110;7062;5939
caveiro;Pico;Azores;38.43;-28.18;920;1100;500;325.5;165;466;19761;3072;6157.5;1166.5;623.5;24586.5;1594;796;942
caveiro;Pico;Azores;38.43;-28.18;920;1100;500;379.75;225;0;17578.5;3041;6826;1035.5;791.5;28425;488;949.5;1372
caveiro;Pico;Azores;38.43;-28.18;920;1100;500;434;277;0;17176.5;2751;7066;1045.5;820.5;30236;558;1009.5;1589.5
caveiro;Pico;Azores;38.43;-28.18;920;1100;500;488.25;323;7.5;16941;2981;6921;954;1017;29690.5;1460;962;1504.5
caveiro;Pico;Azores;38.43;-28.18;920;1100;500;542.5;361;0;16425.5;2471;6202;1235.5;822;27739.5;1072;898.5;1502
caveiro;Pico;Azores;38.43;-28.18;920;1100;500;596.75;393;42.5;16470;2416;6416.5;1010;557;29322;692;867.5;1430
caveiro;Pico;Azores;38.43;-28.18;920;1100;500;651;419;5.5;16322;2575;6150.5;1206;740;30447;973;978;1556
caveiro;Pico;Azores;38.43;-28.18;920;1100;500;705.25;440;71.5;16601;2840.5;6078.5;1220;770.5;32133.5;861.5;868.5;1426
caveiro;Pico;Azores;38.43;-28.18;920;1100;500;759.5;456;0;16855;2729;6505;1123.5;862.5;33694.5;1322;997;1542.5
caveiro;Pico;Azores;38.43;-28.18;920;1100;500;813.75;468;0;17774;3226;6772.5;1033;992.5;34289.5;1765;944.5;1266
caveiro;Pico;Azores;38.43;-28.18;920;1100;500;868;477;477.5;19100.5;3429.5;6592.5;992;721.5;32903.5;2170;883.5;1175.5
caveiro;Pico;Azores;38.43;-28.18;920;1100;500;922.25;482;335;19832;3372.5;6899.5;1001.5;950;34633.5;2001.5;940.5;1135
caveiro;Pico;Azores;38.43;-28.18;920;1100;500;1030.75;485;182;19519.5;2499.5;5352.5;811.5;835.5;31400.5;1871.5;858.5;915
caveiro;Pico;Azores;38.43;-28.18;920;1100;500;1085;488;318.5;20863;3361.5;7309;1079;1012;41917;1786.5;903.5;1329.5
caveiro;Pico;Azores;38.43;-28.18;920;1100;500;1139.25;490;706;21468;3406.5;7244.5;1027;992.5;49295.5;1987.5;933;1406.5
caveiro;Pico;Azores;38.43;-28.18;920;1100;500;1193.5;491;764;19535.5;3271;6991.5;1087.5;967.5;46932;1967;1002.5;1348.5
caveiro;Pico;Azores;38.43;-28.18;920;1100;500;1247.75;491;186.5;18168.5;3269;6675.5;953.5;913;56956;2060.5;1093;1440.5
caveiro;Pico;Azores;38.43;-28.18;920;1100;500;1302;493;489;19402.5;3537;8720.5;1105;1042.5;60954.5;1475;1088.5;1972
caveiro;Pico;Azores;38.43;-28.18;920;1100;500;1410.5;498;710.5;20474;3690.5;7560;968.5;891.5;43502;2224.5;1213;1337.5
caveiro;Pico;Azores;38.43;-28.18;920;1100;500;1464.75;502;273;20383.5;3660.5;7413;1058;1042.5;51542;1798;1104;1400
caveiro;Pico;Azores;38.43;-28.18;920;1100;500;1519;508;405.5;18684.5;4268.5;5527;1092;886.5;31327.5;2043.5;1687;1551
caveiro;Pico;Azores;38.43;-28.18;920;1100;500;1573.25;515;0;18198;2577;4867;995.5;839;28647;1714;938.5;853.5
caveiro;Pico;Azores;38.43;-28.18;920;1100;500;1627.5;523;149;23477;3987;8829;1108;1180;41789;1629;1156;1252
caveiro;Pico;Azores;38.43;-28.18;920;1100;500;1800;557;478;19495;3777;11258;1358;1279;59419;1782;1345;2969
caveiro;Pico;Azores;38.43;-28.18;920;1100;500;1850;572;508.5;19144.5;3871.5;12893;1369;1036.5;74373.5;1751.5;1300.5;2795
caveiro;Pico;Azores;38.43;-28.18;920;1100;500;1910;591;387.5;18109.5;4365;15893;1403;1103.5;96732;1816;1267.5;3388.5
caveiro;Pico;Azores;38.43;-28.18;920;1100;500;1960;610;1021.5;17495.5;4698.5;23093.5;1532;1355;110967;2503.5;1433;5060
caveiro;Pico;Azores;38.43;-28.18;920;1100;500;2020;636;696.5;18497.5;4154;12886.5;1217;1180;79404.5;1909.5;1182.5;2373
caveiro;Pico;Azores;38.43;-28.18;920;1100;500;2070;660;867.5;17605;5276;19147.5;1404;1449;103994.5;1627;1492.5;3668
caveiro;Pico;Azores;38.43;-28.18;920;1100;500;2130;679;456.5;18623.5;4699;11836;1234;1228;72348.5;2082;1254;2025
caveiro;Pico;Azores;38.43;-28.18;920;1100;500;2180;708;206.5;17958;3635.5;7299.5;991;1250.5;55312.5;1960;1186.5;1464
caveiro;Pico;Azores;38.43;-28.18;920;1100;500;2240;745;77.5;16687.5;2410.5;5284.5;1004;663;40776;1891.5;958;1514.5
caveiro;Pico;Azores;38.43;-28.18;920;1100;500;2290;777.17;868;18444.5;9699;16951.5;1518.5;1561;102027;1831.5;5622;4587
caveiro;Pico;Azores;38.43;-28.18;920;1100;500;2350;807;210.5;17147.5;4402.5;16429;1356;1146;90513;1556.5;1498;3762
caveiro;Pico;Azores;38.43;-28.18;920;1100;500;2400;821.23;1123;19273.5;7891.5;45174.5;2567.5;1872.5;155489;2274;1798.5;8907.5
caveiro;Pico;Azores;38.43;-28.18;920;1100;500;2510;838;1004;18232;6477.5;32143.5;1918.5;1541;126005.5;2056;2031;9884.5
caveiro;Pico;Azores;38.43;-28.18;920;1100;500;2560;859;417.5;18955;3999;8652;1012.5;1059.5;66435.5;1944.5;953.5;1686
caveiro;Pico;Azores;38.43;-28.18;920;1100;500;2620;911;304.5;18038;4845;12127;1073.5;1259;78381;1726.5;1923.5;2773
caveiro;Pico;Azores;38.43;-28.18;920;1100;500;2670;959;978;18538;4472;10797.5;1169.5;1118.5;84029.5;2032.5;1190;2420
caveiro;Pico;Azores;38.43;-28.18;920;1100;500;2730;1020;415;16781;4146.5;12801.5;1113.5;1115;103266.5;1561;1213.5;3473
caveiro;Pico;Azores;38.43;-28.18;920;1100;500;2780;1056;359.5;16213;2946.5;11465.5;1151.5;929;67971.5;2054.5;1537.5;6659.5
caveiro;Pico;Azores;38.43;-28.18;920;1100;500;2840;1088.39;749.5;16861;6252;30203;1815.5;1724;163031;1876.5;1908.5;8104
caveiro;Pico;Azores;38.43;-28.18;920;1100;500;2890;1090;150;16385;3620.5;13786;1372.5;1323;101898.5;2211;3261.5;6381.5
caveiro;Pico;Azores;38.43;-28.18;920;1100;500;2950;1104;384;16143.5;5072;14103;1575.5;1320.5;91142.5;1116.5;2901.5;3599
caveiro;Pico;Azores;38.43;-28.18;920;1100;500;3000;1162;513;17150.5;4422;12032.5;1305;1072.5;85020.5;1860.5;1456.5;2951
caveiro;Pico;Azores;38.43;-28.18;920;1100;500;3050;1221;114;16585;3057;8386;1139;819.5;70949;1863.5;1105.5;2478.5
caveiro;Pico;Azores;38.43;-28.18;920;1100;500;3110;1295;0;16311.5;2533.5;5850;1039;749.5;49451;1966.5;1122;2294
caveiro;Pico;Azores;38.43;-28.18;920;1100;500;3160;1358;204;17100;3399;7738.5;974.5;935;63098.5;1972;1708;2604
caveiro;Pico;Azores;38.43;-28.18;920;1100;500;3220;1434;167.5;16206.5;2229;6720;940.5;717.5;51261;2471;1070;4533.5
caveiro;Pico;Azores;38.43;-28.18;920;1100;500;3270;1472.13;778.5;17289;9904.5;22350;1643.5;1462;114504.5;1784;7689.5;7049.5
caveiro;Pico;Azores;38.43;-28.18;920;1100;500;3440;1521;355.5;16403.5;4708.5;25921.5;1793;1363;124989;1862.5;1905.5;9153.5
caveiro;Pico;Azores;38.43;-28.18;920;1100;500;3490;1584;330.5;16630;5440.5;33477;2301.5;1564.5;153657;1809;1608.5;9647.5
caveiro;Pico;Azores;38.43;-28.18;920;1100;500;3600;1722;701.5;17431.5;4579.5;17983.5;1328.5;1400;86586.5;2436;1870.5;6472
caveiro;Pico;Azores;38.43;-28.18;920;1100;500;3650;1783;846;18440;6534.5;33957.5;2025.5;1626;143304.5;2189;1876.5;8925.5
caveiro;Pico;Azores;38.43;-28.18;920;1100;500;3700;1842;218.5;16586.5;4801;26859;2062;1367;132166;917.5;3369;8347.5
caveiro;Pico;Azores;38.43;-28.18;920;1100;500;3750;1844.24;357;16961;4572.5;26296.5;1970;1552.5;135402.5;904.5;2029.5;9722.5
caveiro;Pico;Azores;38.43;-28.18;920;1100;500;3950;1899;264;17283.5;3898;18860.5;1706.5;1272;104280;1111.5;5576.5;9745.5
caveiro;Pico;Azores;38.43;-28.18;920;1100;500;3990;1943;20;17790;4258.5;19516;1396;1050.5;88083.5;1020;3461;8020
caveiro;Pico;Azores;38.43;-28.18;920;1100;500;4140;1966;34.5;16896;2391;6051;1120;810;58347;2267;1280;3392
caveiro;Pico;Azores;38.43;-28.18;920;1100;500;4190;2018;816;18228.5;4049.5;11972.5;1028;1031.5;107234;2144.5;1189.5;3089.5
caveiro;Pico;Azores;38.43;-28.18;920;1100;500;4240;2066;369;16757;2638;6714.5;1128.5;954;64527.5;2018;1220;2530.5
caveiro;Pico;Azores;38.43;-28.18;920;1100;500;4290;2113;613.5;18834.5;4112.5;11363.5;1212;1204.5;102020;2079;1150;2897
caveiro;Pico;Azores;38.43;-28.18;920;1100;500;4340;2158;21;17118.5;2994.5;8875.5;942.5;957.5;76812.5;2336.5;1310;3157
caveiro;Pico;Azores;38.43;-28.18;920;1100;500;4390;2201;0;16545.5;2426;9485.5;1278.5;711.5;76526.5;2202.5;2130;5076
caveiro;Pico;Azores;38.43;-28.18;920;1100;500;4490;2277.29;873.5;18087;7801;30986;2208;1505;136709;1870.5;4720.5;9023.5
caveiro;Pico;Azores;38.43;-28.18;920;1100;500;4540;2306;422;17567;3609;11249.5;1214;1186;93465;2297.5;1265;3566
caveiro;Pico;Azores;38.43;-28.18;920;1100;500;4590;2344;278.5;16772.5;3011.5;9953.5;1031.5;939.5;93763;1915.5;1321;3615
caveiro;Pico;Azores;38.43;-28.18;920;1100;500;4640;2382;0;16620;2805;13511;1418.5;984;111956;1356;1579.5;6497
caveiro;Pico;Azores;38.43;-28.18;920;1100;500;4690;2414.07;760.5;17870.5;6502.5;33578.5;2020.5;1556.5;167773;1919;1867.5;9761
caveiro;Pico;Azores;38.43;-28.18;920;1100;500;4780;2420;49;16179;2288;11243;1379;1098.5;105802;2075;1536.5;6926.5
caveiro;Pico;Azores;38.43;-28.18;920;1100;500;4830;2457;73;16228.5;2952.5;18062;1512.5;1022;129712;1757.5;1742;10021.5
caveiro;Pico;Azores;38.43;-28.18;920;1100;500;4880;2494;13.5;16395;1683;7193;1257.5;843;83039;2526;1893.5;9291.5
caveiro;Pico;Azores;38.43;-28.18;920;1100;500;4930;2531;458;16226;2657.5;13123;1377.5;1149.5;106290.5;1634;2138;9583.5
caveiro;Pico;Azores;38.43;-28.18;920;1100;500;4980;2568;497.5;16468.5;3273;11788;1171.5;929;106389;2356.5;2254.5;6114
caveiro;Pico;Azores;38.43;-28.18;920;1100;500;5030;2606;235;16479.5;2226;7592.5;985.5;701.5;76058.5;1526;1117.5;3934
caveiro;Pico;Azores;38.43;-28.18;920;1100;500;5080;2645;184.5;16823;2764.5;8025;812;769;82122;1803;1193.5;3440.5
caveiro;Pico;Azores;38.43;-28.18;920;1100;500;5180;2726;703.5;16636.5;4992.5;31904.5;2034.5;1332.5;135903.5;2430;2035;11171.5
caveiro;Pico;Azores;38.43;-28.18;920;1100;500;5230;2769;847;17977;3644.5;13730;1126;861;90280;2161.5;1531.5;4044.5
azul;Sao Miguel;Azores;37.7804;-25.497;260;1100;518;36.8;-10.16;83903;72619;26729;27352;2022;10693;192589;5861;3573;36296
azul;Sao Miguel;Azores;37.7804;-25.497;260;1100;518;37.8;-5.85;73214;49783;23579;24700;1863;10633;190706;6688;3775;37496
azul;Sao Miguel;Azores;37.7804;-25.497;260;1100;518;38.8;-1.07;65639;37796;20859;22387;1761;10401;185448;6450;3572;38564
azul;Sao Miguel;Azores;37.7804;-25.497;260;1100;518;39.8;4.04;59452;35621;20804;22901;2106;9989;187736;6013;3756;35487
azul;Sao Miguel;Azores;37.7804;-25.497;260;1100;518;40.8;9.32;41435;32781;15287;16761;1763;7825;134561;5528;2498;28356
azul;Sao Miguel;Azores;37.7804;-25.497;260;1100;518;41.8;14.68;52437;44800;17178;18280;1473;8624;145433;5430;2534;28741
azul;Sao Miguel;Azores;37.7804;-25.497;260;1100;518;42.8;20.04;55685;48900;19423;20552;1725;8952;150158;6155;2748;27753
azul;Sao Miguel;Azores;37.7804;-25.497;260;1100;518;43.8;25.38;53822;46358;18544;21152;1752;8140;151925;6344;2801;30115
azul;Sao Miguel;Azores;37.7804;-25.497;260;1100;518;44.8;30.68;43677;41791;15039;16462;1765;6967;123818;7102;2490;27550
azul;Sao Miguel;Azores;37.7804;-25.497;260;1100;518;45.8;35.91;61938;55176;20788;23624;2117;9423;166199;5926;2706;31392
azul;Sao Miguel;Azores;37.7804;-25.497;260;1100;518;46.8;41.07;70630;61600;26451;31486;1979;9610;210098;5917;4235;38692
azul;Sao Miguel;Azores;37.7804;-25.497;260;1100;518;47.8;46.14;59795;57645;19811;21529;1517;8847;149877;6138;2401;28050
azul;Sao Miguel;Azores;37.7804;-25.497;260;1100;518;48.8;51.09;50083;49729;17775;18645;1551;8240;140309;5376;2424;26149
azul;Sao Miguel;Azores;37.7804;-25.497;260;1100;518;49.8;55.91;49373;47131;17622;18711;1178;7808;142993;6278;2533;26702
azul;Sao Miguel;Azores;37.7804;-25.497;260;1100;518;51.8;65.1;54135;58333;18754;19592;1595;7478;143925;6600;2619;24773
azul;Sao Miguel;Azores;37.7804;-25.497;260;1100;518;55.8;80.49;60375;73447;28593;31916;1758;8666;208097;5087;3566;30768
azul;Sao Miguel;Azores;37.7804;-25.497;260;1100;518;56.8;83.41;52642;52974;20483;21010;1751;7732;149325;5574;3036;27963
azul;Sao Miguel;Azores;37.7804;-25.497;260;1100;518;57.8;85.9;63193;61189;20920;22445;1679;8301;165547;5472;2867;27609
azul;Sao Miguel;Azores;37.7804;-25.497;260;1100;518;58.8;87.98;57491;57116;20572;21358;2016;8661;159192;5347;2755;25623
azul;Sao Miguel;Azores;37.7804;-25.497;260;1100;518;59.8;89.69;63705;61246;20898;21004;1359;8713;157459;5741;2703;28342
azul;Sao Miguel;Azores;37.7804;-25.497;260;1100;518;61.8;92.47;54632;50204;18548;19308;1607;9009;152913;5428;2491;26018
azul;Sao Miguel;Azores;37.7804;-25.497;260;1100;518;62.8;93.77;70711;68383;22847;24371;1822;9705;177505;6315;2715;29944
azul;Sao Miguel;Azores;37.7804;-25.497;260;1100;518;63.8;95.18;70026;63892;21540;22993;1701;9824;171043;5712;2605;29391
azul;Sao Miguel;Azores;37.7804;-25.497;260;1100;518;65.8;98.76;57210;53034;19507;20268;1808;8689;156604;5837;2580;26576
azul;Sao Miguel;Azores;37.7804;-25.497;260;1100;518;66.8;101.17;74739;68272;24026;25769;1251;9920;190577;5837;3098;29681
azul;Sao Miguel;Azores;37.7804;-25.497;260;1100;518;67.8;104.16;59928;57927;21013;22390;1725;8956;172058;6014;2786;26373
azul;Sao Miguel;Azores;37.7804;-25.497;260;1100;518;68.8;107.83;57764;47760;21143;22745;1401;9519;178670;5314;3409;30445
azul;Sao Miguel;Azores;37.7804;-25.497;260;1100;518;69.8;112.32;45926;31184;17517;20609;1512;8605;171789;5850;3090;29874
azul;Sao Miguel;Azores;37.7804;-25.497;260;1100;518;70.8;117.73;50992;43107;18952;21976;1528;8472;176455;5784;3122;29885
azul;Sao Miguel;Azores;37.7804;-25.497;260;1100;518;71.8;124.19;63685;55509;26692;29949;2282;9803;222978;7089;3857;33931
azul;Sao Miguel;Azores;37.7804;-25.497;260;1100;518;72.8;131.81;56791;52358;21414;23101;1484;9140;190468;5505;2891;27926
azul;Sao Miguel;Azores;37.7804;-25.497;260;1100;518;73.8;140.71;59268;49043;21141;22746;1241;9208;202109;5779;2742;27966
azul;Sao Miguel;Azores;37.7804;-25.497;260;1100;518;74.8;150.96;54631;38061;20023;22357;1532;9462;203690;6231;2808;30186
azul;Sao Miguel;Azores;37.7804;-25.497;260;1100;518;82.8;176.24;15230;13258;9879;11345;997;7022;118824;7029;4876;28436
azul;Sao Miguel;Azores;37.7804;-25.497;260;1100;518;83.8;176.43;73191;46390;31705;27484;1710;10806;191976;7084;4646;35016
azul;Sao Miguel;Azores;37.7804;-25.497;260;1100;518;84.8;186.02;73313;47906;27148;24374;1569;10335;185650;6429;3546;33984
azul;Sao Miguel;Azores;37.7804;-25.497;260;1100;518;85.8;200.41;70857;44833;26523;23727;1338;10370;190580;6624;3636;35721
azul;Sao Miguel;Azores;37.7804;-25.497;260;1100;518;86.8;215.57;65846;41009;24953;25888;1454;10880;198641;6226;3935;35104
azul;Sao Miguel;Azores;37.7804;-25.497;260;1100;518;87.8;231.37;81629;63283;26728;26645;1562;11329;223904;5952;3533;33254
azul;Sao Miguel;Azores;37.7804;-25.497;260;1100;518;88.8;246.18;81971;57326;27588;27210;1585;10774;205741;6060;4570;34781
azul;Sao Miguel;Azores;37.7804;-25.497;260;1100;518;89.8;247.69;74074;50610;24043;21701;1267;11536;177430;6336;3329;32923
azul;Sao Miguel;Azores;37.7804;-25.497;260;1100;518;90.8;264.39;81573;55066;23740;23006;1567;11428;195832;6290;3395;35393
azul;Sao Miguel;Azores;37.7804;-25.497;260;1100;518;91.8;281.34;87261;59850;24103;23471;1777;11013;197514;6298;3249;36734
azul;Sao Miguel;Azores;37.7804;-25.497;260;1100;518;92.8;296.86;68619;40516;18611;17924;1557;9059;160523;7687;3105;33595
azul;Sao Miguel;Azores;37.7804;-25.497;260;1100;518;93.8;298.41;67211;49952;25156;28532;1861;10146;214857;6121;4752;36391
azul;Sao Miguel;Azores;37.7804;-25.497;260;1100;518;94.8;315.48;37596;21142;15221;18347;1573;8597;159690;6864;5084;33406
azul;Sao Miguel;Azores;37.7804;-25.497;260;1100;518;95.8;332.41;51551;30480;23714;25514;2165;9588;207823;7541;6400;34184
azul;Sao Miguel;Azores;37.7804;-25.497;260;1100;518;96.8;349.07;56471;34196;25515;24003;2232;9291;191837;6905;5610;33716
azul;Sao Miguel;Azores;37.7804;-25.497;260;1100;518;97.8;365.33;66152;43225;19507;21611;1564;9371;187836;6786;2963;33304
azul;Sao Miguel;Azores;37.7804;-25.497;260;1100;518;98.8;381.09;84185;50445;21914;22104;1908;11130;180800;7748;3092;38531
azul;Sao Miguel;Azores;37.7804;-25.497;260;1100;518;99.8;396.34;73167;54001;25131;25370;1727;10988;198879;6751;3847;35165
azul;Sao Miguel;Azores;37.7804;-25.497;260;1100;518;100.8;411.11;81922;81224;31600;32698;2063;12149;263925;5785;4060;33762
azul;Sao Miguel;Azores;37.7804;-25.497;260;1100;518;101.8;425.42;90971;80873;27287;27751;1966;12203;220977;6420;3367;34970
azul;Sao Miguel;Azores;37.7804;-25.497;260;1100;518;102.8;439.28;77481;65116;22393;21200;1406;10219;177257;5884;2893;34601
azul;Sao Miguel;Azores;37.7804;-25.497;260;1100;518;103.8;452.73;64733;38078;19830;20596;1395;10311;187554;5309;3776;37098
azul;Sao Miguel;Azores;37.7804;-25.497;260;1100;518;104.8;465.78;37439;21264;11734;13789;1897;9640;149877;6795;2541;39997
azul;Sao Miguel;Azores;37.7804;-25.497;260;1100;518;105.8;478.45;52768;46126;17292;18025;1426;9695;170487;5597;3194;33932
azul;Sao Miguel;Azores;37.7804;-25.497;260;1100;518;106.8;490.78;54445;51509;15965;16138;1488;8499;143935;5662;3023;32691
azul;Sao Miguel;Azores;37.7804;-25.497;260;1100;518;107.8;502.77;95274;72712;27257;27642;1735;12214;215761;6599;3151;38123
azul;Sao Miguel;Azores;37.7804;-25.497;260;1100;518;108.8;514.46;53784;22851;17901;21838;1854;11592;194169;7656;3533;38470
azul;Sao Miguel;Azores;37.7804;-25.497;260;1100;518;109.8;525.86;65035;40685;29287;29856;1872;10676;227649;6524;7221;33011
azul;Sao Miguel;Azores;37.7804;-25.497;260;1100;518;110.8;537;59219;40703;18632;20640;1810;9826;177035;5818;3032;32948
azul;Sao Miguel;Azores;37.7804;-25.497;260;1100;518;111.8;547.89;29986;20776;13309;18657;1917;10271;182884;7078;3756;37933
azul;Sao Miguel;Azores;37.7804;-25.497;260;1100;518;112.8;558.57;4810;13868;3493;4312;1127;3921;64198;6168;2908;33987
azul;Sao Miguel;Azores;37.7804;-25.497;260;1100;518;113.8;565.26;39110;21282;13117;14718;1292;8619;145150;7021;3414;36154
azul;Sao Miguel;Azores;37.7804;-25.497;260;1100;518;114.8;569.05;65238;37323;19256;19653;1524;10734;173532;6498;3566;37967
azul;Sao Miguel;Azores;37.7804;-25.497;260;1100;518;115.8;579.35;67363;41751;20785;22205;1842;12016;184379;5972;3241;38293
azul;Sao Miguel;Azores;37.7804;-25.497;260;1100;518;116.8;589.5;80925;69628;30144;32347;2324;12753;244097;6732;4941;37132
azul;Sao Miguel;Azores;37.7804;-25.497;260;1100;518;117.8;599.52;92717;76901;31204;29434;1952;12408;214798;6528;2770;37700
azul;Sao Miguel;Azores;37.7804;-25.497;260;1100;518;118.8;609.43;91266;86796;28214;29075;1885;13184;231532;5919;2895;35316
azul;Sao Miguel;Azores;37.7804;-25.497;260;1100;518;119.8;619.25;71979;66028;23459;24727;1825;11611;208268;6068;3356;35234
azul;Sao Miguel;Azores;37.7804;-25.497;260;1100;518;120.8;629.01;92823;84366;26638;26730;1818;13954;212784;5742;2836;36896
azul;Sao Miguel;Azores;37.7804;-25.497;260;1100;518;121.8;638.73;71646;56007;21014;20592;1603;11325;171351;6207;2646;35421
empadadas;Smiguel;Azores;37.49;-25.75;760;1100;518;1;-60.824253;14995.2;27578.2;12615.4;10923.4;NA;3236.4;73680.2;NA;1331.2;12586.2
empadadas;Smiguel;Azores;37.49;-25.75;760;1100;518;2;-59.584379;14189.6;24617.8;11973.4;10992.6;NA;3220.2;78632.6;NA;1337;11883.6
empadadas;Smiguel;Azores;37.49;-25.75;760;1100;518;3;-58.344441;15579.8;22763.8;11806.4;13402;NA;3342.8;82153.2;NA;1313.2;14198.4
empadadas;Smiguel;Azores;37.49;-25.75;760;1100;518;4;-57.104396;15315.2;21796.4;11759;13931.2;NA;3564;84276.8;NA;1272.4;13178.4
empadadas;Smiguel;Azores;37.49;-25.75;760;1100;518;5;-55.864204;12620.8;20162.6;11994.6;11979.8;NA;3030;79357.2;NA;2234.2;10448
empadadas;Smiguel;Azores;37.49;-25.75;760;1100;518;6;-54.623821;10825;19081.2;21018.4;16445.8;NA;3181.4;87668;NA;6428.6;9253.4
empadadas;Smiguel;Azores;37.49;-25.75;760;1100;518;7;-53.383204;6233.2;16254.6;12350.2;9324;NA;2406;62573.8;NA;2630;7056.4
empadadas;Smiguel;Azores;37.49;-25.75;760;1100;518;8;-52.142312;8440;19013.8;14004.6;10572.4;NA;3174.2;76153;NA;1903.2;8433.8
empadadas;Smiguel;Azores;37.49;-25.75;760;1100;518;9;-50.901102;9291.8;19752.4;12924.6;10923;NA;3085;71714.6;NA;1607;8262.2
empadadas;Smiguel;Azores;37.49;-25.75;760;1100;518;10;-49.659532;8973.2;19692.4;12924;10738.4;NA;3090;70098.4;NA;1578;8549.2
empadadas;Smiguel;Azores;37.49;-25.75;760;1100;518;11;-48.417559;12577.8;24005.2;14673.2;13677.2;NA;3433.6;75023.6;NA;1589.6;9173.4
empadadas;Smiguel;Azores;37.49;-25.75;760;1100;518;12;-47.17514;13120.4;24808;14847.6;14043.8;NA;3278.6;78787;NA;1561.8;9260.2
empadadas;Smiguel;Azores;37.49;-25.75;760;1100;518;13;-45.932235;14777.4;23886.6;14404.2;13403.6;NA;3583.8;78725.6;NA;1361.4;11286.2
empadadas;Smiguel;Azores;37.49;-25.75;760;1100;518;14;-44.688803;10993.2;22978.6;15242.2;11946.8;NA;3242;75911;NA;1444.2;7644
empadadas;Smiguel;Azores;37.49;-25.75;760;1100;518;15;-43.444888;9260.2;20698;14905.8;11526.2;NA;3376.4;73740.6;NA;1399;7506.6
empadadas;Smiguel;Azores;37.49;-25.75;760;1100;518;16;-42.200618;11837.8;24168;16174.8;13965.4;NA;3573;75722.6;NA;1462.8;7968.8
empadadas;Smiguel;Azores;37.49;-25.75;760;1100;518;17;-40.956122;11091.2;24264.4;15756.6;13642;NA;3323.4;75192.6;NA;1443;7244
empadadas;Smiguel;Azores;37.49;-25.75;760;1100;518;18;-39.71153;8422;21543.4;13192.6;10874.2;NA;2954.6;65349;NA;1352.2;6099
empadadas;Smiguel;Azores;37.49;-25.75;760;1100;518;19;-38.466972;7077.6;18249.6;11355.6;9534.2;NA;2617.8;56324.2;NA;1126.2;5573.4
empadadas;Smiguel;Azores;37.49;-25.75;760;1100;518;20;-37.222579;5956.6;16911;10488.8;8900.4;NA;2599.8;49672;NA;970.6;4876.2
empadadas;Smiguel;Azores;37.49;-25.75;760;1100;518;21;-35.978481;15158.8;18634;9908.4;7883.8;NA;3505;56637.4;NA;627.2;13993
empadadas;Smiguel;Azores;37.49;-25.75;760;1100;518;118.5;12.601926;54502.4;39825.6;18222.4;25224;NA;7945.6;165053;NA;2665;37389.4
empadadas;Smiguel;Azores;37.49;-25.75;760;1100;518;119.5;14.243647;68308.6;48473.4;19352.8;27091.4;NA;8978;172261;NA;2541.8;43551.8
empadadas;Smiguel;Azores;37.49;-25.75;760;1100;518;120.5;15.911865;67152;46984.6;18758.6;25649.8;NA;8815.6;166855;NA;2465.2;43506.4
empadadas;Smiguel;Azores;37.49;-25.75;760;1100;518;121.5;17.607425;73932.2;56437.2;21161.8;30738.2;NA;9135.6;188180;NA;2531.8;42313.2
empadadas;Smiguel;Azores;37.49;-25.75;760;1100;518;122.5;19.331175;70183.6;49600.4;19672.8;27417;NA;8962.4;179059;NA;2488;42549
empadadas;Smiguel;Azores;37.49;-25.75;760;1100;518;123.5;21.08396;58095.8;38235.2;17020.6;25078.2;NA;8364.4;165409;NA;2486.2;41759.8
empadadas;Smiguel;Azores;37.49;-25.75;760;1100;518;124.5;22.866627;53565;34755.2;15974.8;23830.8;NA;8097.8;159473;NA;2553.2;39621
empadadas;Smiguel;Azores;37.49;-25.75;760;1100;518;125.5;24.680022;67808.4;43677.6;17319.8;23565.4;NA;9859.2;165586;NA;2353.4;43585.2
empadadas;Smiguel;Azores;37.49;-25.75;760;1100;518;126.5;26.524992;78878.2;51243.2;18976.2;25651.8;NA;10408.6;174016;NA;2381;45423.2
empadadas;Smiguel;Azores;37.49;-25.75;760;1100;518;127.5;28.402383;71376.2;47151.2;17689.6;24174.8;NA;9472.4;168857;NA;2325.8;42613.8
empadadas;Smiguel;Azores;37.49;-25.75;760;1100;518;128.5;30.313041;42709.8;31429;13052.6;20617;NA;6261;148850;NA;2135.8;34532.4
empadadas;Smiguel;Azores;37.49;-25.75;760;1100;518;129.5;32.257813;64619.4;46569;20023.8;29974;NA;8147.4;191563;NA;2625.8;39928.6
empadadas;Smiguel;Azores;37.49;-25.75;760;1100;518;130.5;34.237545;54400;42162;17189.4;26247;NA;7438.8;183255;NA;2429.4;37940.8
empadadas;Smiguel;Azores;37.49;-25.75;760;1100;518;131.5;36.253083;54733.6;42013;17896.4;26821.8;NA;6799.6;186781;NA;2355.8;37949.8
empadadas;Smiguel;Azores;37.49;-25.75;760;1100;518;132.5;38.305274;47938.2;35879.2;15671;24584;NA;6960;177393;NA;2551.8;37418
empadadas;Smiguel;Azores;37.49;-25.75;760;1100;518;133.5;40.394964;50002.6;36550.6;17211;25651.6;NA;7146.4;178566;NA;2454;37717.6
empadadas;Smiguel;Azores;37.49;-25.75;760;1100;518;134.5;42.523;64589.4;46654;20147.4;30192;NA;8135.4;197415;NA;2534;39251.2
empadadas;Smiguel;Azores;37.49;-25.75;760;1100;518;135.5;44.690228;61025.8;42968;19062.2;28276.6;NA;7796.4;187634;NA;2414.2;39098
empadadas;Smiguel;Azores;37.49;-25.75;760;1100;518;136.5;46.897494;57460.2;40972.4;18115.4;27345;NA;7134.2;183482;NA;2369.8;38126
empadadas;Smiguel;Azores;37.49;-25.75;760;1100;518;137.5;49.145644;58149.6;42861;18196.8;27303.8;NA;7553.8;180859;NA;2485.8;38825.4
empadadas;Smiguel;Azores;37.49;-25.75;760;1100;518;138.5;51.435526;59645.6;45841.6;18401;28066.8;NA;7585;186297;NA;2358.2;39020.8
empadadas;Smiguel;Azores;37.49;-25.75;760;1100;518;139.5;53.767984;59019.6;43517.6;18171.2;27292.4;NA;7711.2;178602;NA;2405.6;39050.6
empadadas;Smiguel;Azores;37.49;-25.75;760;1100;518;140.5;56.143867;42127.4;31060.2;13200.8;20817.4;NA;7059.6;146454;NA;2231.8;37091.6
empadadas;Smiguel;Azores;37.49;-25.75;760;1100;518;141.5;58.564138;57040.4;40468.6;16905;24422.8;NA;8427.4;157508;NA;2363.4;40577.8
empadadas;Smiguel;Azores;37.49;-25.75;760;1100;518;142.5;61.032503;73886.6;55316.2;21129.4;29578.4;NA;9387.6;180605;NA;2890.2;42934.4
empadadas;Smiguel;Azores;37.49;-25.75;760;1100;518;143.5;63.555405;63355.2;51351.8;20137.6;30203;NA;8320.2;188460;NA;2662.4;39432.6
empadadas;Smiguel;Azores;37.49;-25.75;760;1100;518;144.5;66.139405;61831.2;47724;19916.6;29129.2;NA;8343.8;187955;NA;2617.6;39086.6
empadadas;Smiguel;Azores;37.49;-25.75;760;1100;518;145.5;68.791066;63061.2;47467.8;20012.6;29904;NA;8734.2;190522;NA;2518.2;39823
empadadas;Smiguel;Azores;37.49;-25.75;760;1100;518;146.5;71.51695;70583.8;54354.8;21182;30557;NA;8994.8;194783;NA;2531.4;41122.6
empadadas;Smiguel;Azores;37.49;-25.75;760;1100;518;167.5;146.138791;21081.8;24050.4;16111.6;20835.8;NA;4015.8;99315.4;NA;2057.8;16514.8
empadadas;Smiguel;Azores;37.49;-25.75;760;1100;518;168.5;151.727189;25162.4;30180.8;20317;25983.8;NA;4717.4;114674;NA;2526.4;19213.4
empadadas;Smiguel;Azores;37.49;-25.75;760;1100;518;169.5;157.527616;29000;34403.8;22719.6;29480.6;NA;5031.6;128405;NA;2696.2;21252.8
empadadas;Smiguel;Azores;37.49;-25.75;760;1100;518;170.5;163.546634;32067.8;37902.2;23428.4;31838.4;NA;5216.6;133897;NA;2670.6;22014.8
empadadas;Smiguel;Azores;37.49;-25.75;760;1100;518;171.5;169.790804;31055.8;37685;23878.4;31747.2;NA;4928.4;131671;NA;2683.6;21727.4
empadadas;Smiguel;Azores;37.49;-25.75;760;1100;518;172.5;176.26669;30079.4;37211.4;23654.6;31797.8;NA;5190.6;131066;NA;2725.4;21389.2
empadadas;Smiguel;Azores;37.49;-25.75;760;1100;518;173.5;182.980852;31018.8;35769;24333;31675.4;NA;5057.4;135147;NA;2746;22204.4
empadadas;Smiguel;Azores;37.49;-25.75;760;1100;518;174.5;189.939854;33542.2;39060.2;24294.6;33852;NA;5430.6;138583;NA;2707;23303.8
empadadas;Smiguel;Azores;37.49;-25.75;760;1100;518;175.5;197.150257;33274;37327;24639.6;33102.6;NA;5318.8;138929;NA;2865.4;23766.2
empadadas;Smiguel;Azores;37.49;-25.75;760;1100;518;176.5;204.618624;31663.4;33859.4;23974.6;32351;NA;5319.2;135308;NA;2844.2;23489.6
empadadas;Smiguel;Azores;37.49;-25.75;760;1100;518;177.5;212.350978;22983.6;25527.8;19414.4;25805;NA;4378.2;117257;NA;2625;20559.4
empadadas;Smiguel;Azores;37.49;-25.75;760;1100;518;178.5;220.340928;31204;32973.6;25297.8;33671.6;NA;5031.2;140212;NA;2978.8;23104.2
empadadas;Smiguel;Azores;37.49;-25.75;760;1100;518;179.5;228.569674;29309.8;30773;24202.2;32078.8;NA;5066.4;136757;NA;2980.6;22645
empadadas;Smiguel;Azores;37.49;-25.75;760;1100;518;180.5;237.017875;33086;34135.2;27517.4;35518.6;NA;5343.6;145423;NA;3272.8;23902.2
empadadas;Smiguel;Azores;37.49;-25.75;760;1100;518;181.5;245.666191;31726.8;33253.2;28802.8;37362.8;NA;5248;144936;NA;3206.4;22544.8
empadadas;Smiguel;Azores;37.49;-25.75;760;1100;518;182.5;254.495281;27746.6;30017.4;25661.8;32994.4;NA;4947;128863;NA;3194.2;22210.2
empadadas;Smiguel;Azores;37.49;-25.75;760;1100;518;183.5;263.485804;32660.6;32998;28434.8;37204;NA;5467.2;140486;NA;3316;24452.2
empadadas;Smiguel;Azores;37.49;-25.75;760;1100;518;184.5;272.61842;30424.8;30660.2;26805.6;36106;NA;5272.4;138696;NA;3477.2;24768.4
empadadas;Smiguel;Azores;37.49;-25.75;760;1100;518;185.5;281.873788;35779.8;33301.6;29283.4;40981.4;NA;5410;147302;NA;3397.2;27856
empadadas;Smiguel;Azores;37.49;-25.75;760;1100;518;186.5;291.232567;39811.8;37999.2;29058.4;41480.4;NA;5756.6;149018;NA;3327.8;29488.8
empadadas;Smiguel;Azores;37.49;-25.75;760;1100;518;187.5;300.675417;41926.4;37041.4;28123;42188.8;NA;6134.2;152412;NA;3218.6;30879
empadadas;Smiguel;Azores;37.49;-25.75;760;1100;518;188.5;310.182997;43279.4;38343.4;28836.2;41943.8;NA;6630;154014;NA;3156.8;31379.8
empadadas;Smiguel;Azores;37.49;-25.75;760;1100;518;189.5;319.735966;45238.8;38852.4;27325.2;40438;NA;6267.2;155567;NA;3025;31507.8
empadadas;Smiguel;Azores;37.49;-25.75;760;1100;518;190.5;329.314984;47172.8;39273;26903.6;41740.2;NA;6954.4;164399;NA;3184.6;33569.4
empadadas;Smiguel;Azores;37.49;-25.75;760;1100;518;191.5;338.90071;49547.6;41283.4;29843.4;47639.6;NA;6765.6;172732;NA;3204.6;34392.4
empadadas;Smiguel;Azores;37.49;-25.75;760;1100;518;192.5;348.473803;43911;36060.6;26502.6;41772;NA;6403;156238;NA;3284.8;31921.8
empadadas;Smiguel;Azores;37.49;-25.75;760;1100;518;193.5;358.014923;46457;39527.2;27251.6;40720.8;NA;6807;161149;NA;2946.6;37165.2
empadadas;Smiguel;Azores;37.49;-25.75;760;1100;518;194.5;367.50473;77677;51585.8;25370.6;30939.6;NA;9209.2;179422;NA;2932;39222.8
empadadas;Smiguel;Azores;37.49;-25.75;760;1100;518;195.5;376.923881;48231.8;40405.6;25817.8;40119.8;NA;6504.4;161231;NA;2854.8;30277.4
empadadas;Smiguel;Azores;37.49;-25.75;760;1100;518;196.5;386.253037;41759.8;37615.6;23274.4;38421.2;NA;6136.8;145719;NA;2942.4;31632.8
empadadas;Smiguel;Azores;37.49;-25.75;760;1100;518;197.5;395.472858;52108.2;45028.4;28535.8;43495;NA;7108;164970;NA;3549.8;33188.6
empadadas;Smiguel;Azores;37.49;-25.75;760;1100;518;198.5;404.564002;49909;47928;29628.6;46791.2;NA;6295;164625;NA;3023.6;31484
empadadas;Smiguel;Azores;37.49;-25.75;760;1100;518;199.5;413.507128;45899.4;45249.8;29039.6;47042;NA;6125.4;163838;NA;3309.2;30879.2
empadadas;Smiguel;Azores;37.49;-25.75;760;1100;518;200.5;422.282897;41261.4;38015.4;24989;43018.6;NA;5751;147504;NA;2848.4;29898.2
empadadas;Smiguel;Azores;37.49;-25.75;760;1100;518;201.5;430.871967;35764.6;36876.2;23335.4;38615;NA;5205.2;129636;NA;2656.8;27587.6
empadadas;Smiguel;Azores;37.49;-25.75;760;1100;518;202.5;439.254998;42299.8;40328.8;26726;42866.8;NA;5924.2;147161;NA;2891.8;31210
empadadas;Smiguel;Azores;37.49;-25.75;760;1100;518;203.5;447.412649;48005.8;47077.2;25124.2;42715.8;NA;6237.8;148641;NA;2758;33159.4
empadadas;Smiguel;Azores;37.49;-25.75;760;1100;518;204.5;455.32558;46971.2;44993.2;22421.8;41718.2;NA;6181.6;146265;NA;2520;32011.8
empadadas;Smiguel;Azores;37.49;-25.75;760;1100;518;205.5;462.974449;43196;41657;19726.2;37668.4;NA;5854;142366;NA;2338.8;31326.4
empadadas;Smiguel;Azores;37.49;-25.75;760;1100;518;206.5;470.339917;47145.6;42166.8;19143.8;35878.6;NA;6976.2;144244;NA;2221.8;34623.4
empadadas;Smiguel;Azores;37.49;-25.75;760;1100;518;207.5;477.402642;54636.4;45109.6;20350;38971;NA;7317.8;158611;NA;2305;36609.8
empadadas;Smiguel;Azores;37.49;-25.75;760;1100;518;208.5;484.148391;53835.4;45027;19466.6;36110.4;NA;7403.2;151840;NA;2250;36558.2
empadadas;Smiguel;Azores;37.49;-25.75;760;1100;518;209.5;490.583359;56091.4;42287.8;18604.4;32150.6;NA;7964.2;150520;NA;2371.6;37861.8
empadadas;Smiguel;Azores;37.49;-25.75;760;1100;518;210.5;496.718845;77395.4;56617.8;19513;25803;NA;10070.4;156984;NA;2336.2;42762.4
empadadas;Smiguel;Azores;37.49;-25.75;760;1100;518;211.5;502.566152;60368.2;40371.2;17622.4;26267.8;NA;8603.2;144153;NA;2504.6;39037.6
empadadas;Smiguel;Azores;37.49;-25.75;760;1100;518;212.5;508.13658;52281.7;35244;16321.3;25517.3;NA;8190.7;137200;NA;2124.7;36963.7
empadadas;Smiguel;Azores;37.49;-25.75;760;1100;518;218.5;536.377566;36513.3;31421;17328;26871.7;NA;5739;148227;NA;2211.7;28805.3
empadadas;Smiguel;Azores;37.49;-25.75;760;1100;518;219.5;540.326277;34632.8;30174.2;18455.4;25727.8;NA;6804.4;143890;NA;2245.2;27244.2
empadadas;Smiguel;Azores;37.49;-25.75;760;1100;518;220.5;544.088519;34583.4;30447.4;18962.8;25229.2;NA;7209.2;140062;NA;2183.6;26135.4
empadadas;Smiguel;Azores;37.49;-25.75;760;1100;518;221.5;547.675594;35096.6;31637.2;18733.6;25147.6;NA;6812.6;141083;NA;2122;26248.4
empadadas;Smiguel;Azores;37.49;-25.75;760;1100;518;222.5;551.098801;35733;33083.4;18730.6;25796.2;NA;6659.2;143069;NA;2141.8;25962.8
empadadas;Smiguel;Azores;37.49;-25.75;760;1100;518;223.5;554.369443;35372.8;32637.2;18570.8;25232;NA;6337.8;141119;NA;1994.6;25732
empadadas;Smiguel;Azores;37.49;-25.75;760;1100;518;224.5;557.49882;37882.2;32904.4;18760.8;25010.6;NA;6487.2;142618;NA;2090.2;26611.8
empadadas;Smiguel;Azores;37.49;-25.75;760;1100;518;225.5;560.498233;38115.6;32622.8;18148.6;24882.2;NA;6531.6;143582;NA;2116.2;27069.4
empadadas;Smiguel;Azores;37.49;-25.75;760;1100;518;226.5;563.378985;35081.6;30580.4;17523.4;23655.6;NA;6125.8;137888;NA;2150;26240.4
empadadas;Smiguel;Azores;37.49;-25.75;760;1100;518;227.5;566.152375;35190;31097;17212;23600;NA;6029.4;137800;NA;1993;24850.6
empadadas;Smiguel;Azores;37.49;-25.75;760;1100;518;228.5;568.829706;39125.4;36915;19327;26765.2;NA;6367.8;147628;NA;1987.6;25210.2
empadadas;Smiguel;Azores;37.49;-25.75;760;1100;518;230.5;573.941392;44551.8;39769.2;19365.2;26748.8;NA;6630.2;150288;NA;2100.6;27309.4
empadadas;Smiguel;Azores;37.49;-25.75;760;1100;518;231.5;576.39835;43764.8;40771.6;19105.8;27775.8;NA;7087.6;153584;NA;1943.4;26847.4
empadadas;Smiguel;Azores;37.49;-25.75;760;1100;518;232.5;578.804453;37246.2;38707.2;17603.2;28576;NA;6181.8;162460;NA;1871.2;24104.8
empadadas;Smiguel;Azores;37.49;-25.75;760;1100;518;233.5;581.171002;37680.8;38737.4;17736.8;28823;NA;6368.4;157284;NA;1915.8;25290
empadadas;Smiguel;Azores;37.49;-25.75;760;1100;518;234.5;583.509297;41513.8;40553.6;18366;27523.8;NA;6276.4;148336;NA;2010.2;26546.6
empadadas;Smiguel;Azores;37.49;-25.75;760;1100;518;235.5;585.830641;39503.4;38607.8;16825.8;25350.4;NA;6321.4;151574;NA;1858.4;24845
empadadas;Smiguel;Azores;37.49;-25.75;760;1100;518;236.5;588.151985;37631.6;38196.6;16697.6;25973.2;NA;6258.8;153554;NA;1828.8;24501.4
empadadas;Smiguel;Azores;37.49;-25.75;760;1100;518;237.5;590.473329;32723.6;32636;13992.2;23180.4;NA;5420.4;152237;NA;1705;22283.2
empadadas;Smiguel;Azores;37.49;-25.75;760;1100;518;238.5;592.794673;25400.8;27350.6;10288.2;16450;NA;4037.8;128743;NA;1328;19406
